id,CustomerID,Country,Age,Gender,Salary,Purchased,SpendingScore,VisitsPerMonth,SatisfactionScore,JoinDate,Churn
0,1,Italy,29.0,Male,60000.0,No,59,2,1.0,2019-09-15,0
1,2,India,61.0,Male,31000.0,Yes,5,3,5.0,2020-09-14,0
2,3,Germany,53.0,Female,54000.0,Yes,51,1,2.0,2020-03-13,1
3,4,India,65.0,Female,69331.88720173536,Yes,21,7,2.0,2019-06-19,0
4,5,India,21.0,Male,84000.0,Yes,12,5,4.0,2018-10-29,0
5,6,Spain,22.0,Female,74000.0,Yes,50,0,2.0,2022-11-25,1
6,7,Germany,44.0,Male,64000.0,No,4,3,2.0,2019-06-11,0
7,8,Germany,54.0,Female,98000.0,Yes,42,8,5.0,2022-07-24,1
8,9,Germany,25.0,Female,109000.0,Yes,84,4,1.0,2022-05-16,0
9,10,India,59.0,Male,69331.88720173536,Yes,38,3,3.0,2021-02-12,0
10,11,Italy,66.0,Female,104000.0,Yes,25,2,1.0,2019-04-05,1
11,12,Germany,45.0,Male,81000.0,Yes,14,4,4.0,2020-04-11,0
12,13,India,48.0,Male,68000.0,No,75,5,1.0,2019-05-20,0
13,14,Spain,26.0,Male,114000.0,Yes,32,3,2.0,2021-08-24,0
14,15,Italy,44.0,Male,44000.0,Yes,11,0,4.0,2020-07-20,0
15,16,Spain,68.0,Male,42000.0,Yes,61,2,1.0,2023-06-10,0
16,17,Italy,46.0,Female,43000.0,No,18,4,4.0,2018-11-21,0
17,18,India,31.0,Female,57000.0,No,27,5,3.0,2019-08-02,0
18,19,France,57.0,Female,47000.0,No,55,2,1.0,2020-01-31,0
19,20,Italy,58.0,Male,40000.0,Yes,54,3,5.0,2021-04-13,0
20,21,Spain,39.0,Female,73000.0,No,82,1,2.0,2020-04-30,1
21,22,India,28.0,Male,69331.88720173536,Yes,87,4,4.0,2022-03-18,0
22,23,Italy,40.0,Male,37000.0,Yes,75,5,5.0,2021-04-10,0
23,24,France,18.0,Female,55000.0,No,21,2,5.0,2020-08-17,0
24,25,France,63.0,Male,118000.0,Yes,44,4,5.0,2019-05-17,0
25,26,Germany,54.0,Female,64000.0,Yes,5,5,4.0,2018-11-30,0
26,27,Germany,38.0,Female,92000.0,Yes,87,2,5.0,2018-10-11,0
27,28,Spain,43.0,Male,72000.0,No,41,2,5.0,2019-04-20,1
28,29,Italy,63.0,Male,69331.88720173536,Yes,59,6,5.0,2020-12-13,1
29,30,Italy,53.0,Male,49000.0,Yes,89,0,2.0,2022-01-21,0
30,31,Germany,44.0,Female,79000.0,No,54,3,3.0,2022-05-22,0
31,32,Italy,40.0,Male,69331.88720173536,Yes,74,3,5.0,2021-12-14,1
32,33,Italy,44.0,Male,117000.0,Yes,22,4,3.0,2022-06-26,1
33,34,France,18.0,Male,51000.0,No,83,10,4.0,2019-09-24,0
34,35,Germany,44.0,Female,86000.0,Yes,65,5,2.0,2019-12-04,1
35,36,India,44.0,Male,86000.0,Yes,64,4,5.0,2019-02-13,1
36,37,Germany,68.0,Male,47000.0,Yes,71,3,4.0,2020-09-08,1
37,38,India,57.0,Female,63000.0,Yes,4,1,5.0,2021-08-20,1
38,39,France,32.0,Other,98000.0,Yes,65,2,1.0,2023-05-13,0
39,40,Spain,38.0,Male,60000.0,No,15,4,4.0,2019-07-13,0
40,41,Italy,64.0,Male,82000.0,No,76,4,3.0,2018-08-10,0
41,42,France,26.0,Male,42000.0,No,22,2,2.0,2022-04-06,0
42,43,Italy,44.0,Female,69331.88720173536,No,86,1,2.0,2018-06-07,0
43,44,Spain,26.0,Male,94000.0,Yes,47,2,4.0,2018-12-14,1
44,45,Spain,27.0,Female,67000.0,Yes,81,2,5.0,2021-03-28,0
45,46,France,69.0,Female,51000.0,Yes,93,1,1.0,2020-06-07,0
46,47,Spain,44.0,Female,76000.0,Yes,46,3,3.0,2023-03-23,0
47,48,India,44.0,Male,119000.0,Yes,14,1,4.0,2020-07-10,0
48,49,Spain,43.0,Female,52000.0,No,50,1,4.0,2021-06-12,0
49,50,Italy,58.0,Female,43000.0,No,20,4,2.0,2019-10-24,0
50,51,Italy,52.0,Female,58000.0,Yes,50,4,3.0,2019-02-09,0
51,52,Italy,69.0,Male,53000.0,Yes,33,3,1.0,2021-07-04,0
52,53,Italy,42.0,unknown,75000.0,Yes,59,2,2.0,2019-11-08,0
53,54,India,43.0,Male,47000.0,No,43,4,4.0,2019-08-12,0
54,55,Germany,28.0,Male,56000.0,Yes,79,4,2.0,2022-06-09,0
55,56,France,55.0,Male,26000.0,Yes,12,5,2.0,2019-07-12,0
56,57,Italy,19.0,Female,87000.0,Yes,40,4,5.0,2020-06-23,0
57,58,Spain,24.0,Male,56000.0,No,20,1,2.0,2023-04-21,0
58,59,Italy,35.0,Male,75000.0,Yes,94,2,5.0,2020-12-06,0
59,60,Spain,44.0,Male,84000.0,No,38,1,2.0,2021-05-21,0
60,61,Spain,51.0,Male,84000.0,No,3,1,5.0,2019-04-24,1
61,62,Italy,44.0,Female,66000.0,No,28,4,3.0,2019-05-02,0
62,63,India,34.0,Female,39000.0,No,56,2,2.0,2022-05-14,0
63,64,Spain,60.0,Male,38000.0,No,90,2,1.0,2019-07-20,0
64,65,Spain,61.0,Female,48000.0,No,94,3,5.0,2021-09-27,0
65,66,Italy,68.0,Female,93000.0,Yes,13,0,5.0,2019-06-08,0
66,67,Spain,44.0,Male,79000.0,Yes,77,2,4.0,2019-12-05,1
67,68,Spain,41.0,Male,37000.0,Yes,66,1,3.0,2022-03-07,0
68,69,Italy,42.0,unknown,111000.0,No,37,1,2.0,2020-10-26,0
69,70,Italy,24.0,Female,54000.0,Yes,49,6,1.0,2020-03-31,0
70,71,France,69.0,Male,62000.0,No,66,1,4.0,2021-03-13,1
71,72,India,23.0,Female,114000.0,No,36,2,3.0,2020-05-07,0
72,73,India,44.0,Male,110000.0,No,54,5,5.0,2021-07-08,0
73,74,Spain,41.0,Female,30000.0,Yes,26,2,1.0,2019-08-08,0
74,75,India,50.0,Male,68000.0,No,75,0,2.0,2019-11-17,0
75,76,Spain,66.0,Male,57000.0,No,72,4,5.0,2018-08-20,1
76,77,France,46.0,Male,83000.0,Yes,40,5,5.0,2018-09-27,0
77,78,Italy,60.0,Other,88000.0,Yes,43,3,3.0,2020-07-28,0
78,79,Italy,39.0,Female,27000.0,No,22,6,1.0,2022-01-10,1
79,80,Italy,43.0,Male,53000.0,No,20,1,4.0,2020-05-23,1
80,81,India,45.0,Male,67000.0,Yes,8,1,1.0,2021-05-30,0
81,82,France,67.0,Female,75000.0,Yes,29,2,5.0,2018-02-21,1
82,83,India,38.0,Male,95000.0,Yes,40,2,5.0,2018-04-26,0
83,84,India,66.0,Male,69331.88720173536,No,90,4,3.0,2019-06-22,0
84,85,France,24.0,unknown,84000.0,Yes,30,0,2.0,2022-05-08,1
85,86,France,34.0,Male,50000.0,Yes,81,1,1.0,2023-03-16,0
86,87,France,37.0,Female,23000.0,Yes,84,4,5.0,2019-06-25,0
87,88,France,58.0,unknown,69331.88720173536,No,55,1,4.0,2020-11-08,0
88,89,Italy,66.0,Male,69000.0,Yes,16,3,3.0,2020-03-25,0
89,90,Germany,37.0,Male,88000.0,Yes,46,4,2.0,2021-11-16,0
90,91,Germany,44.0,Male,49000.0,Yes,62,6,1.0,2020-03-01,0
91,92,France,39.0,Female,107000.0,Yes,7,2,4.0,2022-07-11,0
92,93,Germany,45.0,Female,78000.0,Yes,80,2,2.0,2019-09-10,0
93,94,Germany,57.0,Female,86000.0,No,45,3,5.0,2019-02-23,0
94,95,France,66.0,Male,94000.0,No,59,4,5.0,2018-11-05,1
95,96,Germany,24.0,Female,64000.0,No,56,3,5.0,2022-10-29,0
96,97,India,18.0,Other,23000.0,Yes,48,3,5.0,2020-05-13,0
97,98,Spain,49.0,Female,45000.0,No,27,3,4.0,2018-07-05,0
98,99,Spain,30.0,Other,46000.0,No,53,2,5.0,2018-09-18,0
99,100,France,47.0,Female,65000.0,No,87,5,5.0,2022-04-01,1
100,101,Italy,40.0,Female,69331.88720173536,Yes,88,2,3.0,2021-07-20,0
101,102,France,68.0,Female,83000.0,Yes,73,1,4.0,2018-06-09,0
102,103,Italy,44.0,Male,110000.0,No,35,3,5.0,2020-05-19,0
103,104,Spain,36.0,Male,69331.88720173536,No,51,4,1.0,2020-02-01,0
104,105,France,49.0,Female,70000.0,Yes,84,2,5.0,2018-08-12,0
105,106,India,47.0,Male,69000.0,Yes,37,2,5.0,2021-07-03,1
106,107,Germany,46.0,Female,25000.0,No,81,2,3.0,2018-06-29,0
107,108,Italy,66.0,unknown,78000.0,Yes,95,3,2.0,2018-01-20,0
108,109,Germany,62.0,Female,34000.0,No,57,1,2.0,2022-07-06,0
109,110,Germany,46.0,Male,49000.0,Yes,8,2,5.0,2019-09-24,0
110,111,France,47.0,Male,61000.0,No,79,0,2.0,2022-09-26,0
111,112,Germany,33.0,Male,69331.88720173536,No,95,2,5.0,2022-01-31,0
112,113,India,57.0,Female,56000.0,Yes,94,2,3.0,2022-07-05,0
113,114,Germany,36.0,Female,61000.0,No,20,2,2.0,2021-05-18,0
114,115,France,35.0,Other,69331.88720173536,No,53,4,5.0,2022-03-17,0
115,116,India,18.0,Male,54000.0,No,12,2,5.0,2018-02-27,0
116,117,Spain,31.0,Other,106000.0,Yes,49,3,1.0,2021-01-21,0
117,118,Germany,68.0,Female,25000.0,Yes,17,2,5.0,2021-05-29,0
118,119,France,64.0,Male,87000.0,Yes,64,5,2.0,2019-12-24,1
119,120,Spain,67.0,Female,37000.0,No,42,0,5.0,2023-05-18,1
120,121,Spain,19.0,Male,92000.0,Yes,94,4,3.0,2021-06-09,0
121,122,Italy,44.0,Male,48000.0,No,29,2,3.0,2022-12-03,0
122,123,India,45.0,Female,96000.0,No,19,6,1.0,2021-10-19,0
123,124,Germany,66.0,Male,78000.0,Yes,11,2,3.0,2019-09-07,0
124,125,France,67.0,Female,66000.0,Yes,98,2,3.0,2019-07-16,1
125,126,Italy,47.0,Female,36000.0,No,50,1,2.0,2019-01-09,0
126,127,India,55.0,Female,69331.88720173536,No,71,1,5.0,2019-09-14,0
127,128,Italy,68.0,Male,115000.0,Yes,58,2,4.0,2022-01-19,0
128,129,India,21.0,Female,41000.0,Yes,34,1,3.0,2018-03-29,0
129,130,India,18.0,Female,87000.0,Yes,20,5,3.0,2020-11-09,0
130,131,Germany,25.0,Female,88000.0,No,50,3,4.0,2020-10-10,1
131,132,India,46.0,Male,56000.0,No,88,2,3.0,2018-01-14,0
132,133,Italy,44.0,Male,69331.88720173536,No,10,3,2.0,2018-05-13,0
133,134,India,56.0,Female,68000.0,No,32,2,2.0,2023-05-15,0
134,135,Germany,20.0,Male,32000.0,No,52,2,4.0,2023-01-06,1
135,136,Germany,49.0,Female,53000.0,Yes,15,1,5.0,2020-11-23,0
136,137,Italy,27.0,Female,69331.88720173536,Yes,84,7,3.0,2020-06-10,0
137,138,Spain,27.0,Female,105000.0,No,3,2,5.0,2021-05-16,0
138,139,Spain,36.0,Female,72000.0,No,37,4,3.0,2023-01-11,1
139,140,India,63.0,unknown,106000.0,Yes,40,6,5.0,2021-05-07,1
140,141,France,51.0,Female,70000.0,Yes,72,3,3.0,2019-08-15,0
141,142,India,50.0,Other,22000.0,Yes,40,1,2.0,2019-08-06,0
142,143,Italy,40.0,Female,61000.0,Yes,56,2,1.0,2021-03-24,0
143,144,Italy,44.0,Male,117000.0,No,23,1,1.0,2022-06-02,0
144,145,Italy,45.0,Male,51000.0,Yes,11,0,1.0,2021-01-06,0
145,146,Italy,49.0,Female,69331.88720173536,No,64,1,1.0,2021-04-10,0
146,147,Italy,67.0,Male,70000.0,Yes,8,4,5.0,2018-10-16,0
147,148,Germany,24.0,Female,104000.0,Yes,93,4,5.0,2022-04-18,0
148,149,Spain,46.0,Male,65000.0,Yes,94,6,3.0,2023-01-10,0
149,150,Italy,25.0,Female,69331.88720173536,No,56,1,5.0,2022-12-17,0
150,151,France,18.0,Female,40000.0,No,60,5,3.0,2020-10-09,0
151,152,France,44.0,Female,63000.0,Yes,10,7,5.0,2020-05-28,0
152,153,France,44.0,Female,30000.0,No,39,2,3.0,2021-12-14,0
153,154,France,20.0,Female,69331.88720173536,No,28,2,1.0,2018-01-07,0
154,155,Germany,41.0,Male,87000.0,Yes,49,1,4.0,2021-03-29,1
155,156,France,40.0,Female,20000.0,Yes,36,3,4.0,2018-08-28,0
156,157,Italy,25.0,Male,111000.0,No,13,4,2.0,2023-06-10,0
157,158,India,44.0,unknown,82000.0,No,96,3,2.0,2021-12-17,0
158,159,France,44.0,Female,43000.0,No,36,2,3.0,2019-06-20,0
159,160,Germany,64.0,Male,118000.0,Yes,26,2,4.0,2022-10-16,0
160,161,Germany,54.0,Male,32000.0,Yes,86,2,1.0,2018-03-11,0
161,162,France,20.0,Female,117000.0,No,4,4,5.0,2023-03-19,0
162,163,India,68.0,Male,30000.0,Yes,95,6,1.0,2018-08-04,0
163,164,France,50.0,Male,119000.0,Yes,82,1,1.0,2021-02-01,0
164,165,Germany,45.0,Female,70000.0,No,64,5,3.0,2022-10-17,0
165,166,Spain,64.0,Female,36000.0,No,38,0,3.0,2020-12-13,0
166,167,Italy,25.0,Female,118000.0,Yes,88,4,5.0,2020-03-16,0
167,168,Germany,51.0,Other,101000.0,Yes,87,4,1.0,2018-11-26,1
168,169,France,52.0,Female,69331.88720173536,No,22,5,1.0,2020-04-27,0
169,170,Italy,49.0,Female,105000.0,Yes,2,1,3.0,2021-05-11,0
170,171,France,41.0,Male,43000.0,Yes,31,5,3.0,2021-08-04,0
171,172,France,31.0,Female,38000.0,No,11,2,5.0,2018-02-14,1
172,173,Spain,49.0,Male,56000.0,No,92,2,5.0,2020-04-08,0
173,174,Italy,44.0,unknown,69331.88720173536,Yes,46,6,2.0,2018-07-17,0
174,175,Italy,63.0,Female,104000.0,Yes,96,1,4.0,2021-05-24,0
175,176,Spain,60.0,Female,27000.0,Yes,62,3,1.0,2022-02-13,0
176,177,Germany,33.0,Male,47000.0,No,69,5,1.0,2021-08-25,1
177,178,France,21.0,Female,24000.0,Yes,64,3,5.0,2020-06-14,0
178,179,India,69.0,Female,36000.0,Yes,10,0,5.0,2021-12-29,1
179,180,France,54.0,Male,69331.88720173536,No,40,4,2.0,2018-11-28,0
180,181,France,44.0,Male,55000.0,No,24,2,4.0,2019-11-27,0
181,182,Germany,38.0,Female,38000.0,Yes,99,1,2.0,2018-01-27,0
182,183,France,31.0,Male,83000.0,No,44,6,4.0,2021-04-04,0
183,184,Spain,48.0,Other,110000.0,No,60,5,5.0,2018-11-14,1
184,185,Spain,44.0,Male,117000.0,Yes,62,4,1.0,2021-07-21,0
185,186,Italy,65.0,Male,30000.0,No,87,1,2.0,2021-11-07,0
186,187,India,35.0,Female,73000.0,No,17,2,5.0,2018-12-31,1
187,188,France,24.0,Male,64000.0,Yes,65,2,2.0,2021-01-31,0
188,189,France,27.0,Female,66000.0,No,95,2,5.0,2020-08-17,0
189,190,Germany,24.0,Male,31000.0,Yes,95,2,2.0,2022-03-07,0
190,191,Spain,50.0,Male,40000.0,Yes,57,0,1.0,2023-02-12,0
191,192,India,40.0,Female,30000.0,No,55,8,5.0,2019-01-08,0
192,193,Italy,38.0,Female,69331.88720173536,No,53,4,5.0,2022-06-28,0
193,194,Spain,36.0,Female,111000.0,No,56,2,5.0,2023-05-04,0
194,195,Italy,65.0,Female,24000.0,Yes,98,3,3.0,2018-09-02,0
195,196,Germany,36.0,Female,100000.0,No,9,4,5.0,2023-01-15,0
196,197,Germany,53.0,Male,75000.0,Yes,22,3,3.0,2021-04-07,1
197,198,France,46.0,Male,39000.0,No,13,5,3.0,2022-07-10,0
198,199,India,35.0,Other,60000.0,No,89,6,1.0,2022-08-04,0
199,200,Italy,19.0,Female,65000.0,No,48,9,2.0,2021-12-12,0
200,201,Spain,18.0,Female,31000.0,Yes,18,4,5.0,2021-10-11,0
201,202,Germany,64.0,Male,89000.0,No,76,5,5.0,2019-04-23,0
202,203,France,22.0,Male,36000.0,No,40,3,2.0,2018-05-05,0
203,204,France,37.0,Female,38000.0,Yes,17,2,5.0,2019-06-21,1
204,205,Italy,28.0,Female,45000.0,Yes,15,1,2.0,2019-12-07,0
205,206,Germany,59.0,Female,67000.0,No,15,3,5.0,2023-04-04,0
206,207,India,19.0,Female,69331.88720173536,No,79,2,1.0,2022-06-24,0
207,208,Germany,20.0,Female,69331.88720173536,No,63,3,1.0,2021-11-26,0
208,209,Italy,40.0,Male,71000.0,Yes,39,3,1.0,2022-03-21,0
209,210,Italy,44.0,Male,115000.0,Yes,13,4,2.0,2019-06-15,1
210,211,Germany,29.0,Male,89000.0,Yes,81,1,2.0,2022-09-02,0
211,212,Italy,37.0,Male,74000.0,Yes,32,4,4.0,2020-02-25,1
212,213,Germany,22.0,Female,119000.0,No,9,2,5.0,2018-09-11,0
213,214,Spain,54.0,Female,69331.88720173536,Yes,40,3,5.0,2018-05-01,0
214,215,Germany,55.0,Female,94000.0,Yes,20,2,4.0,2020-11-21,0
215,216,Germany,47.0,Male,52000.0,Yes,90,2,4.0,2019-10-23,0
216,217,Italy,26.0,Male,81000.0,No,91,4,1.0,2022-12-07,0
217,218,Italy,51.0,Male,107000.0,No,85,4,4.0,2020-11-26,0
218,219,France,44.0,Male,42000.0,Yes,82,7,2.0,2022-09-09,0
219,220,France,61.0,Female,34000.0,Yes,77,0,3.0,2021-09-27,0
220,221,Spain,52.0,Male,46000.0,No,80,2,2.0,2020-11-02,0
221,222,France,69.0,Female,94000.0,No,73,1,4.0,2021-04-21,1
222,223,Germany,39.0,Male,83000.0,No,63,5,5.0,2022-08-08,0
223,224,Italy,61.0,Male,100000.0,No,76,2,2.0,2021-07-12,0
224,225,France,41.0,Male,70000.0,No,44,0,5.0,2018-03-29,0
225,226,France,34.0,Female,72000.0,No,38,1,2.0,2023-05-18,0
226,227,Spain,27.0,Female,97000.0,No,83,4,5.0,2022-01-25,0
227,228,Spain,47.0,Male,110000.0,No,60,6,5.0,2018-02-15,0
228,229,Germany,44.0,Male,101000.0,Yes,71,1,2.0,2021-11-16,0
229,230,Italy,63.0,Female,111000.0,Yes,99,2,5.0,2021-02-16,0
230,231,Spain,40.0,Male,70000.0,Yes,48,4,3.0,2020-07-21,0
231,232,France,49.0,Male,66000.0,Yes,18,5,1.0,2022-04-04,0
232,233,Italy,34.0,Female,23000.0,Yes,16,2,2.0,2022-01-10,0
233,234,Italy,67.0,Female,26000.0,Yes,55,3,3.0,2022-10-22,0
234,235,France,68.0,Male,69331.88720173536,No,39,4,1.0,2023-05-20,0
235,236,Spain,34.0,Other,54000.0,No,68,4,2.0,2020-01-15,0
236,237,France,31.0,Female,67000.0,Yes,59,2,3.0,2022-06-18,0
237,238,Italy,26.0,Male,92000.0,Yes,89,6,3.0,2020-08-24,0
238,239,India,57.0,Female,91000.0,No,96,3,5.0,2020-02-02,0
239,240,India,19.0,Female,64000.0,No,62,1,3.0,2020-02-01,0
240,241,Germany,62.0,Male,100000.0,No,13,4,5.0,2020-03-04,0
241,242,France,42.0,Male,100000.0,Yes,81,1,4.0,2020-01-14,0
242,243,France,56.0,Male,116000.0,No,6,4,5.0,2020-12-05,0
243,244,Germany,26.0,Female,115000.0,Yes,83,2,1.0,2023-03-25,0
244,245,Germany,44.0,Male,91000.0,Yes,77,2,5.0,2022-03-12,0
245,246,Germany,39.0,Female,38000.0,No,60,2,5.0,2019-07-12,0
246,247,Italy,60.0,Female,82000.0,No,90,3,5.0,2023-06-18,1
247,248,France,63.0,Male,57000.0,Yes,14,6,5.0,2019-06-10,0
248,249,Italy,21.0,Female,86000.0,No,95,2,3.0,2019-08-20,0
249,250,Germany,43.0,Male,78000.0,No,54,4,5.0,2023-01-29,0
250,251,France,46.0,Female,88000.0,Yes,4,1,5.0,2020-04-19,0
251,252,Italy,62.0,Female,32000.0,No,39,0,5.0,2018-01-03,0
252,253,Italy,51.0,Male,66000.0,Yes,72,1,4.0,2020-11-17,0
253,254,Germany,40.0,Female,69331.88720173536,Yes,25,3,5.0,2021-11-05,0
254,255,France,54.0,Male,80000.0,No,77,3,2.0,2018-06-06,1
255,256,Germany,28.0,Male,50000.0,Yes,32,3,3.0,2020-05-04,1
256,257,France,23.0,Male,99000.0,Yes,59,4,1.0,2023-04-22,0
257,258,India,35.0,Male,115000.0,No,63,4,2.0,2023-05-09,1
258,259,Spain,38.0,unknown,41000.0,No,38,3,2.0,2019-05-26,0
259,260,Spain,59.0,Male,112000.0,No,92,4,2.0,2021-09-18,0
260,261,Spain,53.0,Male,105000.0,Yes,53,3,5.0,2023-02-11,0
261,262,Germany,58.0,Female,62000.0,Yes,94,5,5.0,2019-11-18,0
262,263,India,55.0,Male,86000.0,No,67,4,5.0,2021-02-11,0
263,264,France,51.0,unknown,73000.0,Yes,28,1,5.0,2021-11-13,1
264,265,Italy,34.0,Female,29000.0,No,3,1,3.0,2022-02-19,0
265,266,France,54.0,Female,61000.0,No,98,1,5.0,2023-02-10,0
266,267,Italy,42.0,Male,83000.0,Yes,80,2,5.0,2021-06-27,1
267,268,France,55.0,Male,40000.0,No,22,2,5.0,2019-07-25,0
268,269,India,29.0,Male,99000.0,Yes,96,4,3.0,2019-12-16,0
269,270,Italy,40.0,Female,95000.0,Yes,38,2,3.0,2021-08-31,0
270,271,Germany,44.0,Male,85000.0,No,72,3,4.0,2018-08-27,0
271,272,France,59.0,Male,60000.0,Yes,72,4,4.0,2021-06-11,0
272,273,France,39.0,unknown,43000.0,No,62,4,4.0,2018-10-30,0
273,274,Italy,38.0,Female,54000.0,Yes,57,4,4.0,2019-08-30,0
274,275,Germany,44.0,Male,75000.0,Yes,6,5,5.0,2020-09-17,1
275,276,Germany,44.0,Male,49000.0,Yes,78,3,2.0,2022-08-04,1
276,277,India,48.0,unknown,76000.0,No,32,6,2.0,2018-11-30,0
277,278,Germany,23.0,Male,113000.0,Yes,99,2,4.0,2018-04-23,0
278,279,Germany,44.0,Female,66000.0,No,10,4,4.0,2022-07-03,0
279,280,Germany,57.0,Female,54000.0,Yes,3,3,1.0,2018-12-28,1
280,281,Spain,51.0,Male,38000.0,Yes,59,2,2.0,2023-02-24,0
281,282,India,29.0,Female,27000.0,No,76,5,1.0,2020-03-11,0
282,283,France,62.0,Male,45000.0,No,49,2,1.0,2018-04-07,0
283,284,Italy,44.0,Male,69331.88720173536,No,59,1,5.0,2023-06-05,1
284,285,France,44.0,Female,90000.0,No,31,2,5.0,2023-02-14,0
285,286,India,24.0,Female,49000.0,No,93,2,3.0,2018-01-16,0
286,287,Italy,27.0,Female,26000.0,Yes,69,6,2.0,2019-07-10,0
287,288,India,62.0,Female,86000.0,Yes,62,2,4.0,2023-06-01,0
288,289,Germany,34.0,Male,84000.0,No,52,3,4.0,2019-01-11,0
289,290,Italy,43.0,Male,55000.0,Yes,89,3,3.0,2020-01-12,0
290,291,Germany,38.0,Male,44000.0,Yes,41,4,2.0,2019-01-25,0
291,292,France,45.0,Male,56000.0,Yes,31,2,4.0,2019-09-12,0
292,293,France,63.0,Male,20000.0,No,85,2,4.0,2021-05-25,0
293,294,Italy,19.0,Male,34000.0,Yes,84,3,5.0,2021-11-23,0
294,295,Italy,44.0,Male,56000.0,Yes,22,4,1.0,2021-07-07,0
295,296,India,60.0,Male,32000.0,Yes,4,5,4.0,2020-04-03,0
296,297,India,18.0,Female,69331.88720173536,No,13,6,5.0,2018-11-16,0
297,298,Germany,68.0,Female,27000.0,Yes,45,0,2.0,2018-07-15,0
298,299,Italy,44.0,Male,24000.0,Yes,42,3,5.0,2022-02-10,0
299,300,France,53.0,Other,79000.0,No,49,2,3.0,2019-02-22,0
300,301,India,68.0,Female,92000.0,No,20,5,5.0,2022-02-07,0
301,302,India,43.0,Male,20000.0,Yes,77,4,2.0,2019-08-30,1
302,303,France,46.0,Female,55000.0,Yes,81,1,5.0,2019-07-22,0
303,304,India,38.0,Female,54000.0,No,54,1,1.0,2019-06-28,0
304,305,Germany,28.0,Female,85000.0,No,36,2,4.0,2018-08-19,0
305,306,Italy,57.0,Male,82000.0,No,97,2,2.0,2020-06-02,0
306,307,France,28.0,Female,69331.88720173536,No,1,2,3.0,2019-06-05,1
307,308,Italy,53.0,Male,42000.0,No,15,3,1.0,2019-12-04,0
308,309,India,66.0,Female,28000.0,No,77,0,1.0,2023-03-12,0
309,310,India,56.0,Female,53000.0,No,17,0,5.0,2021-05-08,0
310,311,France,57.0,Female,65000.0,Yes,24,3,1.0,2020-04-25,0
311,312,Germany,52.0,Female,97000.0,No,58,2,2.0,2019-11-04,0
312,313,Spain,44.0,Female,23000.0,No,72,5,5.0,2022-06-11,1
313,314,France,51.0,Male,49000.0,Yes,91,4,1.0,2018-01-21,1
314,315,Spain,44.0,Male,114000.0,No,23,1,3.0,2021-08-27,0
315,316,Spain,64.0,Female,69331.88720173536,No,46,4,5.0,2019-08-11,0
316,317,Germany,41.0,Male,94000.0,Yes,72,6,2.0,2023-05-31,0
317,318,Spain,44.0,Male,118000.0,No,8,2,3.0,2020-06-16,0
318,319,Spain,39.0,Male,91000.0,Yes,59,1,3.0,2022-08-04,0
319,320,Germany,22.0,Male,22000.0,Yes,90,4,5.0,2022-07-20,0
320,321,Spain,44.0,unknown,33000.0,Yes,59,6,4.0,2022-11-22,1
321,322,Spain,50.0,Female,79000.0,Yes,13,2,5.0,2023-04-08,0
322,323,Spain,53.0,Other,96000.0,No,39,5,2.0,2022-06-08,0
323,324,France,64.0,Female,64000.0,Yes,28,2,2.0,2021-12-28,1
324,325,France,37.0,Female,115000.0,Yes,89,1,5.0,2019-01-06,0
325,326,France,36.0,Male,53000.0,No,61,1,4.0,2022-05-03,0
326,327,Germany,52.0,Female,64000.0,Yes,16,1,5.0,2023-03-30,0
327,328,India,69.0,Male,80000.0,Yes,2,1,2.0,2018-03-19,0
328,329,Spain,60.0,Female,102000.0,Yes,82,2,4.0,2022-04-15,0
329,330,Spain,34.0,Female,69331.88720173536,Yes,17,2,2.0,2021-08-01,0
330,331,Germany,62.0,Male,35000.0,No,30,1,4.0,2019-10-10,0
331,332,Spain,60.0,unknown,85000.0,Yes,13,1,4.0,2018-05-20,0
332,333,France,51.0,Female,59000.0,No,96,3,5.0,2019-07-07,1
333,334,India,26.0,Female,36000.0,No,93,3,5.0,2020-09-24,0
334,335,Italy,43.0,Male,53000.0,Yes,94,1,5.0,2018-10-09,0
335,336,Spain,19.0,Female,69331.88720173536,Yes,82,3,4.0,2022-05-05,0
336,337,France,44.0,Female,35000.0,Yes,13,4,4.0,2021-07-05,0
337,338,Italy,26.0,Male,69331.88720173536,Yes,43,3,2.0,2023-01-21,0
338,339,India,26.0,Male,79000.0,No,85,3,3.0,2021-10-15,0
339,340,Italy,57.0,Female,85000.0,No,94,5,5.0,2019-03-16,0
340,341,France,34.0,Male,85000.0,No,21,2,5.0,2018-09-27,0
341,342,Italy,18.0,Female,109000.0,Yes,55,1,2.0,2021-03-03,0
342,343,Germany,42.0,Other,32000.0,No,81,1,2.0,2020-01-16,0
343,344,Italy,60.0,Female,75000.0,Yes,40,3,1.0,2022-07-22,0
344,345,Spain,57.0,Male,50000.0,Yes,83,2,5.0,2018-04-14,0
345,346,Spain,59.0,Female,53000.0,Yes,15,6,2.0,2020-02-05,0
346,347,Germany,42.0,Male,58000.0,Yes,73,0,1.0,2018-04-05,0
347,348,France,56.0,Male,86000.0,Yes,52,3,5.0,2023-02-16,0
348,349,Spain,52.0,Female,27000.0,No,74,4,5.0,2019-12-30,1
349,350,India,20.0,Male,106000.0,No,95,5,5.0,2022-05-16,0
350,351,Spain,67.0,Male,97000.0,Yes,53,1,4.0,2019-04-25,0
351,352,Spain,54.0,Female,74000.0,No,87,2,1.0,2020-02-19,0
352,353,France,61.0,Male,46000.0,Yes,52,2,4.0,2021-06-18,1
353,354,Italy,61.0,Male,112000.0,Yes,30,2,5.0,2018-01-13,0
354,355,Spain,68.0,Female,69331.88720173536,Yes,33,4,5.0,2021-03-16,0
355,356,Germany,47.0,Female,72000.0,No,57,3,3.0,2023-05-18,0
356,357,Italy,55.0,Female,58000.0,Yes,52,2,3.0,2022-11-11,0
357,358,India,51.0,Male,84000.0,Yes,9,1,3.0,2019-08-24,0
358,359,France,29.0,Male,36000.0,No,54,2,3.0,2018-04-05,1
359,360,India,36.0,Male,69331.88720173536,No,1,4,2.0,2023-01-25,0
360,361,Italy,54.0,Male,49000.0,No,44,3,3.0,2018-10-20,0
361,362,Italy,61.0,Female,72000.0,Yes,99,4,2.0,2018-01-25,0
362,363,Italy,66.0,Male,32000.0,Yes,75,2,2.0,2021-07-19,1
363,364,India,34.0,Male,40000.0,No,98,3,5.0,2022-03-09,0
364,365,Italy,27.0,Female,38000.0,Yes,80,0,2.0,2021-04-04,0
365,366,India,44.0,Female,72000.0,No,9,3,2.0,2020-07-27,0
366,367,Italy,44.0,Female,38000.0,No,32,3,3.0,2020-02-01,1
367,368,Germany,66.0,Male,76000.0,Yes,15,3,2.0,2021-01-15,1
368,369,Italy,64.0,Male,44000.0,Yes,12,1,4.0,2019-10-16,0
369,370,India,29.0,Male,105000.0,No,97,3,3.0,2022-07-28,0
370,371,Spain,33.0,Male,50000.0,No,78,1,1.0,2020-09-11,0
371,372,Italy,41.0,Female,100000.0,No,57,4,3.0,2022-12-20,1
372,373,Spain,36.0,Female,74000.0,No,8,0,2.0,2019-09-30,0
373,374,Germany,25.0,Female,42000.0,Yes,72,4,4.0,2023-01-26,0
374,375,France,48.0,Female,51000.0,No,27,3,3.0,2019-05-06,0
375,376,Germany,38.0,Male,81000.0,No,62,2,4.0,2023-04-16,1
376,377,Italy,34.0,Female,93000.0,No,12,2,1.0,2021-03-10,0
377,378,Spain,40.0,Male,29000.0,Yes,65,4,5.0,2023-03-07,0
378,379,Spain,54.0,Female,119000.0,Yes,42,3,1.0,2021-01-31,1
379,380,India,44.0,Female,91000.0,No,62,3,5.0,2021-06-03,0
380,381,Spain,33.0,Male,73000.0,Yes,11,3,5.0,2023-04-10,0
381,382,India,23.0,Male,71000.0,Yes,43,7,5.0,2019-07-29,1
382,383,France,25.0,unknown,39000.0,Yes,95,6,5.0,2018-10-21,1
383,384,Italy,42.0,Male,51000.0,No,17,2,3.0,2020-06-14,1
384,385,India,35.0,Male,33000.0,No,97,0,5.0,2021-08-22,0
385,386,France,42.0,Male,69000.0,Yes,32,3,4.0,2021-07-01,0
386,387,Spain,29.0,Female,47000.0,No,93,4,5.0,2021-04-18,1
387,388,Spain,32.0,Female,69331.88720173536,No,85,1,4.0,2018-02-09,0
388,389,France,43.0,Female,72000.0,Yes,85,1,5.0,2020-02-15,1
389,390,Spain,58.0,Male,43000.0,Yes,40,6,5.0,2022-09-21,1
390,391,France,62.0,Female,98000.0,No,23,8,5.0,2019-06-04,0
391,392,India,43.0,Male,41000.0,Yes,56,1,5.0,2022-06-28,1
392,393,India,64.0,Female,49000.0,No,6,2,5.0,2022-10-27,0
393,394,France,49.0,Female,82000.0,No,86,4,5.0,2019-06-30,0
394,395,India,27.0,Male,23000.0,Yes,50,4,5.0,2018-08-24,0
395,396,India,33.0,Male,96000.0,No,37,4,2.0,2019-04-08,0
396,397,India,24.0,Male,78000.0,No,64,2,2.0,2021-06-05,0
397,398,Germany,34.0,Male,106000.0,Yes,54,5,5.0,2022-09-20,0
398,399,Italy,40.0,Male,27000.0,Yes,72,5,4.0,2023-01-23,0
399,400,Spain,43.0,Female,101000.0,Yes,49,2,3.0,2019-04-28,1
400,401,Germany,38.0,Female,31000.0,No,99,2,1.0,2019-03-06,1
401,402,India,39.0,Male,50000.0,Yes,11,6,2.0,2020-11-11,0
402,403,France,24.0,Male,97000.0,Yes,88,7,5.0,2018-12-09,0
403,404,India,31.0,Male,53000.0,Yes,49,2,1.0,2020-11-29,0
404,405,Italy,32.0,Female,101000.0,Yes,21,3,2.0,2021-04-11,1
405,406,India,44.0,Male,117000.0,No,66,2,3.0,2022-01-02,0
406,407,France,24.0,Female,94000.0,No,63,6,4.0,2021-04-17,0
407,408,Italy,26.0,Female,69331.88720173536,Yes,83,1,5.0,2022-06-10,1
408,409,India,68.0,Female,95000.0,No,28,4,3.0,2018-05-13,0
409,410,Italy,65.0,Female,68000.0,Yes,17,1,2.0,2018-12-17,1
410,411,Spain,25.0,Male,98000.0,Yes,6,1,5.0,2022-03-29,1
411,412,Spain,67.0,unknown,76000.0,No,19,3,1.0,2022-04-13,1
412,413,India,40.0,Male,114000.0,No,56,4,5.0,2019-05-21,0
413,414,Italy,46.0,Male,112000.0,Yes,28,5,4.0,2018-03-25,0
414,415,France,35.0,Female,45000.0,Yes,66,2,2.0,2020-09-19,1
415,416,India,48.0,Other,37000.0,No,38,4,4.0,2022-01-27,0
416,417,Spain,47.0,Female,115000.0,Yes,37,3,5.0,2020-04-09,0
417,418,Spain,69.0,Male,105000.0,No,68,3,5.0,2020-05-10,0
418,419,India,56.0,Male,57000.0,Yes,86,1,3.0,2018-12-09,0
419,420,Italy,52.0,Other,100000.0,Yes,90,4,4.0,2021-07-27,0
420,421,Spain,35.0,Male,106000.0,No,49,1,1.0,2020-05-15,0
421,422,Italy,59.0,Female,107000.0,No,43,4,2.0,2021-07-10,0
422,423,Spain,56.0,Female,69000.0,No,36,1,1.0,2021-04-04,0
423,424,Spain,34.0,Female,27000.0,No,58,1,4.0,2018-10-20,0
424,425,Germany,31.0,Male,60000.0,No,13,2,5.0,2022-03-13,0
425,426,Spain,48.0,Female,25000.0,No,52,0,3.0,2022-05-23,0
426,427,France,41.0,Male,88000.0,No,58,1,3.0,2021-06-03,0
427,428,India,52.0,Female,63000.0,Yes,32,2,1.0,2021-04-08,0
428,429,India,61.0,Female,83000.0,Yes,81,2,5.0,2019-08-21,0
429,430,Italy,62.0,Female,48000.0,Yes,100,0,5.0,2019-10-07,0
430,431,Spain,51.0,Male,47000.0,No,60,3,5.0,2019-03-24,0
431,432,France,20.0,unknown,30000.0,No,83,3,3.0,2019-11-21,0
432,433,Italy,54.0,Male,84000.0,No,58,3,1.0,2020-09-28,0
433,434,Germany,60.0,Male,69331.88720173536,Yes,99,1,1.0,2020-05-04,0
434,435,Italy,57.0,Male,38000.0,No,56,1,1.0,2019-05-17,0
435,436,Italy,43.0,Female,28000.0,No,28,6,4.0,2020-02-03,1
436,437,Spain,44.0,Female,46000.0,Yes,1,0,5.0,2022-03-31,0
437,438,Germany,40.0,Female,53000.0,No,42,2,5.0,2020-01-05,1
438,439,Italy,61.0,Male,63000.0,Yes,82,4,5.0,2021-11-03,0
439,440,France,56.0,Male,87000.0,Yes,48,5,4.0,2021-05-09,0
440,441,France,32.0,Female,119000.0,No,40,3,2.0,2022-07-01,0
441,442,India,44.0,Male,101000.0,No,97,2,4.0,2018-09-07,0
442,443,Germany,66.0,Female,34000.0,No,63,2,5.0,2023-05-27,0
443,444,Germany,21.0,unknown,70000.0,Yes,76,4,1.0,2021-12-03,0
444,445,India,46.0,unknown,32000.0,Yes,72,4,4.0,2019-08-24,0
445,446,Italy,39.0,Other,102000.0,Yes,88,1,1.0,2018-05-05,0
446,447,Germany,42.0,Female,68000.0,No,80,5,5.0,2018-04-23,0
447,448,France,30.0,Male,89000.0,No,4,1,5.0,2020-09-07,0
448,449,France,35.0,Male,75000.0,No,38,4,3.0,2021-03-06,1
449,450,Spain,50.0,Female,95000.0,No,27,2,1.0,2022-11-18,0
450,451,Germany,33.0,Female,70000.0,Yes,9,5,5.0,2022-02-28,0
451,452,Italy,62.0,Male,56000.0,Yes,16,2,4.0,2022-08-29,0
452,453,India,59.0,Male,36000.0,Yes,56,6,5.0,2018-05-30,0
453,454,India,61.0,Male,77000.0,Yes,76,2,1.0,2020-05-24,0
454,455,Italy,19.0,Female,106000.0,No,31,1,2.0,2018-12-09,0
455,456,Spain,44.0,Female,109000.0,No,88,3,3.0,2023-05-23,0
456,457,India,52.0,Female,48000.0,No,14,4,2.0,2019-08-03,1
457,458,Germany,59.0,Male,52000.0,Yes,25,3,5.0,2022-10-23,0
458,459,Spain,51.0,unknown,79000.0,Yes,34,5,2.0,2020-02-22,1
459,460,Germany,47.0,Female,110000.0,No,67,4,2.0,2018-11-17,1
460,461,France,44.0,Male,108000.0,No,24,3,3.0,2020-04-01,1
461,462,Spain,30.0,Male,74000.0,Yes,73,1,3.0,2023-05-04,0
462,463,India,30.0,Male,29000.0,No,26,3,3.0,2023-02-28,0
463,464,Spain,35.0,Male,66000.0,Yes,20,1,3.0,2019-06-16,0
464,465,Spain,49.0,unknown,42000.0,Yes,64,1,2.0,2021-08-05,0
465,466,Spain,49.0,Female,104000.0,Yes,10,4,5.0,2022-02-21,0
466,467,Spain,52.0,Female,40000.0,No,83,3,5.0,2019-05-07,0
467,468,Germany,56.0,Male,69331.88720173536,No,67,3,3.0,2019-09-04,0
468,469,France,63.0,Male,32000.0,Yes,24,2,4.0,2018-09-09,0
469,470,Italy,69.0,Female,69331.88720173536,No,5,6,1.0,2021-01-05,0
470,471,Spain,46.0,Male,52000.0,Yes,67,3,5.0,2022-07-29,0
471,472,India,66.0,Female,43000.0,Yes,58,1,4.0,2021-11-16,0
472,473,Spain,46.0,Other,69331.88720173536,Yes,27,4,5.0,2021-12-06,0
473,474,India,44.0,Female,30000.0,Yes,80,0,4.0,2018-06-22,0
474,475,Germany,61.0,Female,36000.0,No,15,5,4.0,2020-05-24,0
475,476,India,44.0,Male,87000.0,Yes,35,5,5.0,2018-07-20,0
476,477,Italy,33.0,Male,66000.0,Yes,76,1,1.0,2018-08-05,0
477,478,France,44.0,Male,44000.0,No,53,1,4.0,2019-01-11,0
478,479,India,61.0,Female,113000.0,Yes,44,2,3.0,2022-10-10,0
479,480,India,64.0,Male,92000.0,Yes,26,4,5.0,2022-05-29,0
480,481,France,44.0,Male,40000.0,No,47,3,5.0,2018-01-11,0
481,482,Italy,27.0,Female,103000.0,No,34,4,5.0,2022-12-28,0
482,483,Spain,47.0,Male,102000.0,No,87,4,3.0,2022-11-27,0
483,484,India,42.0,Male,102000.0,Yes,95,3,3.0,2020-11-01,0
484,485,France,56.0,Male,31000.0,No,50,1,4.0,2020-06-10,1
485,486,Germany,37.0,Other,56000.0,No,84,3,3.0,2022-06-02,0
486,487,France,22.0,Female,61000.0,Yes,12,2,1.0,2019-03-11,1
487,488,Germany,18.0,Female,36000.0,Yes,87,3,3.0,2022-09-04,0
488,489,Italy,47.0,Male,69331.88720173536,Yes,4,4,4.0,2022-06-20,0
489,490,Spain,66.0,unknown,67000.0,Yes,87,4,5.0,2020-03-28,0
490,491,France,20.0,Female,69331.88720173536,Yes,48,4,3.0,2021-10-28,0
491,492,India,62.0,Male,47000.0,No,55,0,5.0,2021-07-20,0
492,493,Italy,31.0,Female,60000.0,No,1,0,5.0,2020-07-19,0
493,494,France,44.0,Male,118000.0,No,89,7,5.0,2023-04-05,0
494,495,India,47.0,Female,66000.0,Yes,66,3,5.0,2023-05-03,0
495,496,France,67.0,Female,37000.0,Yes,30,4,2.0,2019-11-22,0
496,497,Germany,21.0,Male,97000.0,Yes,3,4,5.0,2022-05-19,1
497,498,France,35.0,unknown,118000.0,No,21,3,5.0,2022-03-13,0
498,499,France,54.0,Female,69331.88720173536,No,89,5,2.0,2021-03-01,0
499,500,France,42.0,Female,69331.88720173536,Yes,84,1,5.0,2020-05-04,0
500,501,Italy,65.0,Male,90000.0,No,49,4,5.0,2023-05-02,0
501,502,France,18.0,Male,69331.88720173536,Yes,86,1,4.0,2020-02-23,1
502,503,India,44.0,Male,32000.0,No,85,4,5.0,2018-11-15,1
503,504,Germany,63.0,Female,101000.0,No,62,4,5.0,2020-04-23,0
504,505,Germany,32.0,Male,69331.88720173536,No,97,1,5.0,2023-05-27,0
505,506,France,26.0,Female,32000.0,Yes,38,2,2.0,2023-02-20,0
506,507,Italy,32.0,Female,119000.0,No,15,3,4.0,2019-09-13,0
507,508,Italy,66.0,Male,50000.0,No,52,2,5.0,2020-02-24,1
508,509,India,44.0,Female,21000.0,Yes,79,4,3.0,2021-04-06,0
509,510,France,41.0,Male,35000.0,No,46,2,1.0,2019-02-01,0
510,511,Germany,21.0,unknown,28000.0,Yes,25,8,4.0,2021-04-18,0
511,512,Italy,29.0,Female,92000.0,Yes,21,4,3.0,2020-12-17,0
512,513,France,54.0,Male,57000.0,Yes,88,4,4.0,2022-02-12,1
513,514,Italy,54.0,Male,94000.0,Yes,5,1,3.0,2023-05-11,0
514,515,Italy,60.0,Male,73000.0,Yes,70,3,3.0,2022-06-03,0
515,516,Germany,23.0,Female,75000.0,No,47,3,4.0,2019-04-05,0
516,517,Spain,56.0,Female,105000.0,Yes,87,3,2.0,2018-03-02,0
517,518,India,44.0,Female,116000.0,Yes,68,7,4.0,2019-01-04,0
518,519,India,63.0,Male,119000.0,Yes,91,3,4.0,2021-02-18,1
519,520,Germany,41.0,Male,69331.88720173536,Yes,18,2,3.0,2019-12-20,0
520,521,Italy,28.0,Male,106000.0,No,21,1,1.0,2019-06-30,0
521,522,France,30.0,Female,64000.0,Yes,92,3,3.0,2022-05-25,0
522,523,Italy,51.0,Female,69331.88720173536,No,99,3,5.0,2020-11-06,0
523,524,Germany,42.0,Male,53000.0,Yes,86,0,4.0,2019-05-11,1
524,525,India,24.0,Male,28000.0,No,23,3,5.0,2019-05-12,0
525,526,Italy,69.0,Female,107000.0,Yes,64,5,4.0,2019-05-20,0
526,527,India,21.0,Female,27000.0,Yes,67,4,2.0,2022-04-05,0
527,528,France,25.0,Female,26000.0,No,40,4,5.0,2020-08-26,0
528,529,India,37.0,Female,55000.0,Yes,10,5,3.0,2021-08-31,0
529,530,India,46.0,Male,37000.0,No,89,2,2.0,2020-12-28,0
530,531,Spain,44.0,Male,22000.0,Yes,52,3,4.0,2022-10-17,0
531,532,Spain,44.0,Female,47000.0,No,72,3,3.0,2018-06-10,0
532,533,Spain,68.0,Female,89000.0,Yes,75,4,3.0,2022-06-26,0
533,534,India,62.0,Male,69331.88720173536,Yes,61,1,5.0,2023-03-27,1
534,535,Germany,63.0,Female,63000.0,No,64,2,5.0,2019-12-19,0
535,536,India,27.0,Female,40000.0,Yes,5,3,1.0,2021-03-14,0
536,537,Germany,60.0,Female,47000.0,Yes,53,2,5.0,2022-05-12,0
537,538,Germany,51.0,Female,69331.88720173536,Yes,55,3,5.0,2022-06-07,0
538,539,Spain,44.0,Male,73000.0,Yes,37,5,3.0,2020-09-19,0
539,540,Italy,43.0,Female,73000.0,Yes,56,1,5.0,2021-11-09,0
540,541,France,58.0,Female,84000.0,Yes,59,1,1.0,2018-09-26,0
541,542,Spain,66.0,Female,119000.0,No,93,1,4.0,2023-05-01,0
542,543,Spain,20.0,Female,40000.0,No,69,1,5.0,2022-01-17,0
543,544,Italy,44.0,Female,69331.88720173536,No,73,1,5.0,2019-11-30,0
544,545,France,23.0,Male,118000.0,Yes,59,1,3.0,2022-03-22,0
545,546,India,22.0,Female,32000.0,No,2,3,4.0,2020-05-14,0
546,547,India,22.0,Female,76000.0,Yes,65,2,3.0,2018-12-16,0
547,548,Spain,44.0,Female,68000.0,Yes,60,5,4.0,2018-04-20,0
548,549,France,64.0,Female,73000.0,Yes,51,5,5.0,2022-02-15,1
549,550,Spain,40.0,Female,29000.0,Yes,30,2,3.0,2019-02-11,1
550,551,Germany,66.0,Female,72000.0,No,11,2,5.0,2019-10-12,0
551,552,Spain,26.0,Female,63000.0,Yes,92,4,5.0,2018-02-20,0
552,553,Spain,52.0,Male,66000.0,No,76,0,1.0,2021-11-27,0
553,554,India,37.0,Male,72000.0,Yes,39,2,4.0,2022-05-06,0
554,555,India,66.0,Female,93000.0,No,90,3,1.0,2022-02-08,1
555,556,India,59.0,Female,65000.0,No,77,3,2.0,2021-01-15,0
556,557,Germany,52.0,Male,32000.0,No,72,3,5.0,2020-12-27,0
557,558,India,67.0,Male,56000.0,No,63,1,4.0,2019-08-19,0
558,559,France,35.0,Female,69331.88720173536,No,64,3,5.0,2020-09-05,0
559,560,Italy,34.0,Male,43000.0,No,61,1,1.0,2020-12-01,0
560,561,France,41.0,Male,21000.0,Yes,54,2,5.0,2020-01-01,0
561,562,France,20.0,Male,105000.0,No,92,2,5.0,2018-02-26,0
562,563,India,49.0,Male,100000.0,Yes,94,1,5.0,2020-01-08,0
563,564,Italy,52.0,Male,119000.0,No,73,6,1.0,2018-07-15,0
564,565,Italy,55.0,Male,33000.0,Yes,95,2,2.0,2022-11-19,0
565,566,Italy,30.0,Male,29000.0,No,58,7,1.0,2022-08-29,0
566,567,Germany,44.0,Female,54000.0,No,85,8,3.0,2020-12-21,0
567,568,India,64.0,Female,44000.0,Yes,56,2,5.0,2021-07-10,1
568,569,Italy,42.0,Female,22000.0,No,34,2,1.0,2018-04-22,0
569,570,Germany,26.0,Male,69331.88720173536,No,31,6,1.0,2020-02-04,0
570,571,Spain,21.0,Male,36000.0,No,52,3,2.0,2019-12-12,0
571,572,Spain,31.0,Female,31000.0,Yes,89,1,3.0,2021-04-16,0
572,573,Germany,54.0,Male,73000.0,No,76,3,1.0,2020-08-05,0
573,574,Germany,51.0,Female,43000.0,Yes,1,0,5.0,2018-01-26,0
574,575,India,28.0,Female,48000.0,No,55,6,5.0,2019-02-14,1
575,576,India,58.0,Female,62000.0,No,22,2,1.0,2020-01-28,0
576,577,Spain,44.0,Male,44000.0,Yes,40,1,5.0,2019-06-15,1
577,578,Italy,20.0,Male,119000.0,No,1,3,5.0,2022-12-06,1
578,579,Spain,45.0,Female,79000.0,No,65,3,3.0,2021-09-02,1
579,580,Italy,46.0,Male,109000.0,Yes,63,5,5.0,2022-04-05,0
580,581,Italy,26.0,Female,69331.88720173536,No,54,1,5.0,2021-02-03,0
581,582,India,20.0,Female,84000.0,Yes,42,2,5.0,2020-01-19,0
582,583,France,42.0,unknown,103000.0,Yes,21,3,3.0,2023-01-16,0
583,584,France,51.0,Male,47000.0,Yes,79,6,3.0,2022-01-27,0
584,585,Germany,29.0,Female,35000.0,No,81,2,5.0,2018-09-03,0
585,586,India,59.0,Female,66000.0,Yes,22,3,1.0,2021-01-09,0
586,587,Italy,26.0,Male,100000.0,Yes,38,4,4.0,2019-10-24,1
587,588,France,32.0,Male,69331.88720173536,No,99,5,2.0,2020-06-27,0
588,589,Italy,57.0,Female,111000.0,Yes,80,1,4.0,2019-01-31,0
589,590,France,42.0,Male,77000.0,No,8,4,4.0,2019-06-06,0
590,591,France,22.0,Male,95000.0,No,62,4,5.0,2023-01-31,0
591,592,France,28.0,Male,46000.0,No,47,1,3.0,2022-10-26,0
592,593,India,51.0,Female,72000.0,No,17,6,5.0,2020-07-14,1
593,594,Spain,41.0,Female,61000.0,Yes,17,5,5.0,2018-09-21,0
594,595,Italy,32.0,Female,78000.0,Yes,90,5,2.0,2022-08-12,0
595,596,India,55.0,Male,66000.0,Yes,13,6,5.0,2020-02-29,1
596,597,India,25.0,Male,113000.0,Yes,17,3,1.0,2021-07-21,0
597,598,India,22.0,Female,69331.88720173536,Yes,38,1,2.0,2022-09-26,0
598,599,India,65.0,Female,53000.0,No,81,1,5.0,2023-05-22,1
599,600,India,43.0,Male,56000.0,Yes,78,6,5.0,2018-06-21,0
600,601,Germany,35.0,Female,25000.0,Yes,45,2,5.0,2018-09-22,0
601,602,Italy,23.0,unknown,26000.0,Yes,6,4,5.0,2023-06-10,0
602,603,India,54.0,Female,115000.0,No,35,3,5.0,2023-01-20,0
603,604,Italy,65.0,Female,115000.0,No,14,7,4.0,2020-11-15,1
604,605,Germany,30.0,unknown,44000.0,Yes,72,2,1.0,2022-02-01,0
605,606,Germany,45.0,Male,52000.0,No,61,4,4.0,2023-03-01,0
606,607,Italy,22.0,Female,74000.0,Yes,15,0,5.0,2019-04-21,1
607,608,France,30.0,unknown,77000.0,Yes,54,1,3.0,2018-12-22,1
608,609,Spain,34.0,Male,26000.0,No,27,2,4.0,2020-11-15,1
609,610,France,67.0,Female,76000.0,No,13,7,5.0,2018-02-03,0
610,611,France,57.0,Female,31000.0,Yes,31,5,5.0,2018-09-21,0
611,612,France,62.0,Female,35000.0,Yes,35,3,1.0,2021-03-07,0
612,613,India,49.0,Female,99000.0,No,60,7,5.0,2020-03-26,0
613,614,Germany,46.0,Other,62000.0,Yes,6,2,2.0,2022-09-15,0
614,615,France,68.0,Female,119000.0,No,69,3,4.0,2020-05-24,0
615,616,Germany,20.0,Male,96000.0,Yes,86,1,4.0,2020-01-24,0
616,617,Italy,44.0,Female,26000.0,No,58,3,4.0,2019-07-20,1
617,618,Spain,57.0,Male,119000.0,Yes,49,3,5.0,2019-04-07,0
618,619,Italy,51.0,Male,70000.0,Yes,23,4,1.0,2021-04-06,0
619,620,Italy,57.0,Female,92000.0,No,89,3,5.0,2022-07-13,0
620,621,India,44.0,Female,51000.0,Yes,34,4,5.0,2019-10-17,0
621,622,Spain,30.0,Male,94000.0,Yes,26,2,5.0,2018-03-22,0
622,623,Italy,62.0,Other,27000.0,No,47,4,3.0,2020-01-27,0
623,624,Italy,50.0,Female,116000.0,Yes,5,6,1.0,2023-04-22,0
624,625,Spain,23.0,Female,106000.0,Yes,90,3,4.0,2023-03-03,0
625,626,Spain,41.0,Male,108000.0,Yes,20,4,2.0,2020-05-19,0
626,627,Italy,36.0,Other,91000.0,No,6,1,4.0,2021-12-01,0
627,628,Spain,33.0,Other,64000.0,No,70,6,5.0,2022-05-17,0
628,629,Italy,57.0,Female,105000.0,No,59,4,1.0,2020-12-05,0
629,630,Italy,45.0,Male,78000.0,Yes,64,2,1.0,2019-08-22,0
630,631,India,50.0,Male,23000.0,Yes,18,0,1.0,2022-06-23,0
631,632,France,65.0,Male,69331.88720173536,Yes,4,2,3.0,2020-03-17,0
632,633,Italy,58.0,Male,86000.0,Yes,17,4,4.0,2023-04-19,0
633,634,Germany,30.0,Male,48000.0,No,14,3,3.0,2020-12-12,1
634,635,France,60.0,Other,69331.88720173536,Yes,78,4,5.0,2020-09-10,0
635,636,France,62.0,Female,48000.0,Yes,13,4,2.0,2019-12-05,1
636,637,France,42.0,Male,117000.0,Yes,7,6,5.0,2023-06-06,0
637,638,India,44.0,Male,117000.0,No,44,3,5.0,2019-04-21,0
638,639,Italy,59.0,Male,47000.0,Yes,15,2,3.0,2019-08-15,0
639,640,India,53.0,Male,96000.0,Yes,19,5,3.0,2018-01-16,0
640,641,Italy,44.0,Male,98000.0,Yes,63,5,5.0,2021-10-15,0
641,642,India,55.0,Male,106000.0,Yes,35,4,5.0,2019-05-02,0
642,643,India,24.0,Female,63000.0,Yes,81,2,1.0,2023-02-05,0
643,644,Germany,22.0,unknown,109000.0,No,35,1,5.0,2019-12-07,0
644,645,India,60.0,Male,23000.0,Yes,19,5,4.0,2022-03-06,1
645,646,Spain,62.0,Male,109000.0,Yes,20,6,5.0,2021-03-10,1
646,647,Germany,44.0,Female,69331.88720173536,Yes,100,1,5.0,2019-09-12,0
647,648,India,68.0,Male,28000.0,Yes,35,6,1.0,2023-01-13,0
648,649,France,48.0,Male,24000.0,Yes,32,3,5.0,2020-10-15,1
649,650,Spain,40.0,Female,75000.0,Yes,48,4,3.0,2020-02-16,0
650,651,Spain,59.0,Male,115000.0,Yes,44,3,2.0,2019-03-23,0
651,652,Spain,27.0,Female,103000.0,Yes,24,3,3.0,2018-10-17,1
652,653,Germany,49.0,Female,69000.0,Yes,61,4,2.0,2018-07-28,0
653,654,India,60.0,Male,94000.0,Yes,17,1,5.0,2022-02-07,0
654,655,India,44.0,Male,34000.0,No,71,5,4.0,2019-02-17,0
655,656,France,47.0,Female,51000.0,No,50,2,5.0,2019-11-08,0
656,657,France,56.0,Male,47000.0,No,65,4,1.0,2021-12-21,1
657,658,Spain,48.0,Male,41000.0,No,99,5,5.0,2023-02-21,0
658,659,France,35.0,Female,69331.88720173536,Yes,32,3,2.0,2021-10-26,1
659,660,Germany,53.0,Female,36000.0,No,36,3,3.0,2023-01-30,1
660,661,India,19.0,Male,78000.0,No,13,4,4.0,2019-10-26,0
661,662,Spain,31.0,Female,109000.0,Yes,70,2,5.0,2023-06-14,0
662,663,France,30.0,Male,69331.88720173536,No,58,4,5.0,2018-10-17,0
663,664,Germany,46.0,Female,90000.0,No,14,0,3.0,2021-12-26,0
664,665,Germany,29.0,Female,69331.88720173536,Yes,37,0,4.0,2021-07-15,0
665,666,France,56.0,Female,76000.0,Yes,79,4,5.0,2018-05-31,0
666,667,India,19.0,Female,45000.0,Yes,68,2,5.0,2022-10-09,0
667,668,France,49.0,unknown,44000.0,No,40,2,5.0,2021-07-02,0
668,669,Spain,30.0,Male,29000.0,No,59,1,5.0,2021-10-08,0
669,670,France,63.0,Female,64000.0,Yes,80,2,2.0,2021-11-01,1
670,671,Germany,44.0,Male,102000.0,Yes,92,5,2.0,2022-08-04,0
671,672,France,66.0,Male,30000.0,No,16,2,1.0,2020-05-04,1
672,673,India,58.0,Male,96000.0,Yes,62,3,3.0,2021-10-13,0
673,674,Italy,34.0,Other,72000.0,No,4,0,4.0,2019-08-31,0
674,675,France,57.0,unknown,91000.0,Yes,45,2,5.0,2023-05-19,0
675,676,India,48.0,Male,69331.88720173536,Yes,90,3,5.0,2019-01-05,0
676,677,India,51.0,Male,87000.0,No,28,4,1.0,2021-06-04,0
677,678,Germany,41.0,Female,114000.0,Yes,96,6,5.0,2019-12-06,0
678,679,India,62.0,Male,47000.0,Yes,66,4,3.0,2021-08-19,0
679,680,India,52.0,Male,94000.0,Yes,31,3,1.0,2020-04-05,0
680,681,India,65.0,Female,69331.88720173536,No,3,2,3.0,2020-10-01,0
681,682,India,23.0,Female,84000.0,Yes,8,5,1.0,2021-11-13,0
682,683,Spain,36.0,unknown,68000.0,Yes,24,3,5.0,2019-01-12,0
683,684,Spain,47.0,Male,66000.0,Yes,15,3,1.0,2020-08-30,0
684,685,Germany,24.0,Male,71000.0,Yes,43,2,2.0,2018-04-28,1
685,686,France,27.0,Female,69331.88720173536,Yes,31,3,4.0,2020-10-25,1
686,687,India,58.0,Female,107000.0,Yes,73,6,5.0,2019-03-20,1
687,688,France,49.0,Female,73000.0,No,45,1,5.0,2021-10-07,0
688,689,France,51.0,Female,79000.0,No,66,2,4.0,2020-01-25,0
689,690,Germany,45.0,Male,76000.0,Yes,8,2,5.0,2022-04-06,0
690,691,India,32.0,Female,66000.0,No,71,2,4.0,2022-08-15,0
691,692,India,47.0,Male,50000.0,No,57,7,2.0,2019-10-02,1
692,693,Italy,54.0,Male,69331.88720173536,Yes,80,1,4.0,2018-05-04,0
693,694,France,46.0,Female,65000.0,No,99,3,1.0,2019-10-20,0
694,695,France,39.0,Male,45000.0,No,30,8,4.0,2021-07-24,0
695,696,Spain,21.0,Male,24000.0,No,74,1,5.0,2020-04-01,1
696,697,Italy,37.0,Female,103000.0,No,18,2,5.0,2021-11-18,0
697,698,Spain,49.0,Female,71000.0,No,69,4,5.0,2019-10-26,0
698,699,Spain,53.0,Female,69331.88720173536,No,93,1,3.0,2018-12-26,0
699,700,Spain,67.0,Male,94000.0,No,39,4,4.0,2019-09-15,0
700,701,Germany,21.0,Female,73000.0,No,60,4,5.0,2022-02-01,1
701,702,Germany,44.0,Male,52000.0,Yes,98,4,4.0,2022-07-10,0
702,703,Spain,34.0,Male,69000.0,Yes,43,2,5.0,2022-09-20,0
703,704,Italy,29.0,unknown,57000.0,No,45,5,4.0,2020-12-16,1
704,705,France,39.0,Female,46000.0,No,23,3,5.0,2021-06-28,0
705,706,Italy,34.0,Female,117000.0,Yes,69,3,4.0,2023-04-04,0
706,707,India,27.0,Male,34000.0,No,94,3,5.0,2020-07-07,0
707,708,Germany,44.0,Female,115000.0,No,6,2,5.0,2021-03-19,0
708,709,France,18.0,Female,80000.0,Yes,56,3,3.0,2019-03-28,0
709,710,France,39.0,Female,40000.0,Yes,4,0,5.0,2021-03-31,0
710,711,India,43.0,Female,65000.0,Yes,93,1,1.0,2018-04-30,1
711,712,India,44.0,Male,88000.0,No,23,1,5.0,2019-08-05,0
712,713,Spain,35.0,Male,25000.0,No,6,3,5.0,2023-05-02,1
713,714,Germany,67.0,Female,57000.0,Yes,32,5,2.0,2021-10-06,0
714,715,Germany,31.0,Male,81000.0,Yes,18,1,4.0,2018-04-09,0
715,716,Italy,64.0,Male,105000.0,No,15,7,2.0,2021-04-05,1
716,717,Spain,46.0,Other,81000.0,Yes,40,3,4.0,2023-01-08,0
717,718,Spain,29.0,Female,101000.0,No,96,2,3.0,2022-08-14,0
718,719,Spain,53.0,Female,97000.0,No,73,6,5.0,2023-02-05,0
719,720,Spain,52.0,Female,93000.0,Yes,74,5,1.0,2023-06-23,0
720,721,Germany,69.0,Female,65000.0,Yes,84,4,5.0,2019-05-29,0
721,722,Germany,29.0,Male,32000.0,No,6,3,4.0,2019-10-26,0
722,723,Spain,24.0,Male,114000.0,Yes,63,1,1.0,2019-02-05,0
723,724,Italy,46.0,Male,113000.0,Yes,67,4,5.0,2018-12-31,0
724,725,France,28.0,Male,22000.0,Yes,11,1,1.0,2022-05-20,1
725,726,France,50.0,Female,113000.0,Yes,43,1,4.0,2021-09-11,1
726,727,Italy,23.0,Male,25000.0,No,17,5,3.0,2019-08-04,0
727,728,Spain,64.0,Female,112000.0,No,96,2,3.0,2022-07-15,1
728,729,Germany,32.0,Male,27000.0,No,4,4,5.0,2019-09-13,0
729,730,France,49.0,Male,63000.0,No,63,6,2.0,2020-04-07,0
730,731,India,68.0,Male,69331.88720173536,Yes,68,3,4.0,2018-09-04,0
731,732,India,28.0,Male,69331.88720173536,Yes,81,1,5.0,2019-03-10,0
732,733,Italy,40.0,Male,69331.88720173536,No,41,3,5.0,2021-01-21,0
733,734,Spain,43.0,Male,52000.0,No,83,2,3.0,2021-07-15,0
734,735,France,51.0,Male,100000.0,Yes,5,4,1.0,2019-09-07,0
735,736,Spain,63.0,Female,94000.0,No,32,2,4.0,2020-07-31,0
736,737,France,51.0,Male,96000.0,No,86,5,1.0,2020-08-20,1
737,738,Italy,46.0,Male,69000.0,Yes,70,3,5.0,2019-09-16,0
738,739,Italy,21.0,Female,30000.0,No,35,4,5.0,2018-11-17,0
739,740,India,34.0,Male,114000.0,Yes,22,3,4.0,2023-05-01,0
740,741,Spain,52.0,Female,47000.0,Yes,65,3,2.0,2023-01-14,0
741,742,India,30.0,Female,69331.88720173536,No,84,0,5.0,2020-05-05,0
742,743,Spain,58.0,Male,89000.0,Yes,22,3,3.0,2018-03-03,0
743,744,India,56.0,Female,60000.0,No,11,0,2.0,2018-10-27,0
744,745,Germany,32.0,Male,35000.0,Yes,77,3,5.0,2019-02-07,1
745,746,Germany,44.0,Female,87000.0,No,3,5,5.0,2020-08-12,0
746,747,Germany,46.0,Male,118000.0,No,9,2,3.0,2022-07-30,1
747,748,Germany,46.0,Female,67000.0,No,60,0,5.0,2022-05-10,1
748,749,France,28.0,Male,75000.0,Yes,76,5,2.0,2022-07-02,0
749,750,Germany,69.0,Female,83000.0,Yes,87,3,4.0,2021-08-19,0
750,751,Italy,49.0,Female,78000.0,No,14,2,5.0,2022-11-29,0
751,752,Italy,19.0,Male,109000.0,Yes,97,3,1.0,2018-09-10,0
752,753,France,64.0,Male,81000.0,No,18,2,4.0,2022-10-24,0
753,754,Germany,31.0,Female,95000.0,No,73,3,4.0,2019-04-23,0
754,755,Germany,37.0,Female,30000.0,Yes,23,4,2.0,2021-10-24,0
755,756,Germany,39.0,Male,69331.88720173536,No,74,1,2.0,2022-08-30,1
756,757,India,28.0,Female,108000.0,Yes,83,3,3.0,2023-05-19,0
757,758,Spain,44.0,unknown,37000.0,No,47,2,3.0,2018-06-09,1
758,759,India,20.0,Female,38000.0,Yes,69,2,1.0,2020-08-18,0
759,760,Spain,34.0,Male,106000.0,No,47,0,4.0,2021-04-04,1
760,761,Germany,61.0,Female,74000.0,No,87,3,1.0,2018-07-24,0
761,762,Germany,44.0,Male,69331.88720173536,Yes,30,3,1.0,2021-07-14,0
762,763,India,45.0,unknown,101000.0,No,25,2,2.0,2021-03-07,0
763,764,India,46.0,Female,45000.0,No,28,1,1.0,2021-10-23,0
764,765,Spain,38.0,Male,25000.0,Yes,98,3,1.0,2022-01-06,0
765,766,Italy,64.0,Female,23000.0,No,25,4,5.0,2020-05-07,0
766,767,Spain,33.0,Male,69331.88720173536,Yes,74,4,3.0,2020-01-30,0
767,768,India,54.0,unknown,48000.0,No,78,5,3.0,2022-05-10,0
768,769,India,37.0,unknown,78000.0,Yes,58,5,4.0,2023-04-24,0
769,770,France,23.0,Female,117000.0,No,94,2,3.0,2019-12-22,0
770,771,India,36.0,Male,36000.0,No,41,3,5.0,2020-11-06,0
771,772,France,44.0,Female,69331.88720173536,No,25,3,4.0,2018-03-09,1
772,773,Italy,22.0,Male,62000.0,Yes,78,2,5.0,2018-05-13,0
773,774,Spain,20.0,Male,99000.0,Yes,99,2,3.0,2022-09-20,0
774,775,Spain,18.0,Female,85000.0,Yes,48,4,5.0,2020-07-07,1
775,776,France,55.0,Male,53000.0,Yes,98,1,3.0,2019-03-06,0
776,777,Spain,32.0,Male,27000.0,No,10,6,3.0,2018-11-04,0
777,778,India,51.0,unknown,32000.0,No,99,1,5.0,2019-10-12,0
778,779,Germany,52.0,Male,69331.88720173536,Yes,75,4,1.0,2021-04-12,0
779,780,France,66.0,Male,27000.0,Yes,11,2,1.0,2019-02-16,0
780,781,Spain,42.0,Other,113000.0,Yes,85,4,1.0,2018-04-07,0
781,782,France,41.0,Male,115000.0,No,21,3,5.0,2022-09-03,0
782,783,France,29.0,Female,119000.0,Yes,86,5,1.0,2021-03-23,0
783,784,Germany,35.0,unknown,113000.0,Yes,45,5,3.0,2022-09-15,0
784,785,India,32.0,Other,84000.0,No,7,1,2.0,2021-06-19,1
785,786,France,61.0,Female,62000.0,No,81,4,5.0,2021-08-20,0
786,787,Spain,33.0,Male,58000.0,Yes,64,2,2.0,2021-08-01,1
787,788,Italy,44.0,Male,100000.0,No,64,3,5.0,2020-11-16,1
788,789,France,25.0,Female,78000.0,Yes,2,1,2.0,2021-11-26,0
789,790,France,63.0,Female,103000.0,No,76,4,4.0,2021-10-15,0
790,791,Germany,42.0,Female,107000.0,Yes,42,3,1.0,2020-12-19,0
791,792,India,34.0,Male,105000.0,Yes,82,4,5.0,2018-07-21,1
792,793,Italy,46.0,Male,112000.0,Yes,54,4,3.0,2020-02-01,0
793,794,Spain,44.0,Male,105000.0,Yes,75,4,1.0,2020-05-23,1
794,795,Italy,25.0,Female,63000.0,No,16,3,1.0,2019-08-04,0
795,796,Spain,32.0,Male,28000.0,No,18,1,2.0,2023-06-17,0
796,797,India,44.0,Other,56000.0,No,99,5,4.0,2019-01-05,0
797,798,Spain,63.0,Female,93000.0,No,59,5,1.0,2019-06-17,0
798,799,Germany,67.0,Male,55000.0,Yes,90,4,5.0,2021-03-21,0
799,800,Germany,69.0,Female,69331.88720173536,Yes,16,5,5.0,2021-01-30,0
800,801,Germany,24.0,Male,111000.0,No,6,3,1.0,2020-06-17,0
801,802,Germany,20.0,Female,47000.0,No,57,2,2.0,2019-08-30,0
802,803,Italy,46.0,Female,61000.0,No,47,5,2.0,2022-01-09,1
803,804,India,61.0,Female,62000.0,No,48,6,3.0,2020-05-22,1
804,805,Spain,44.0,Female,104000.0,No,42,3,5.0,2021-06-06,0
805,806,Spain,41.0,Male,107000.0,Yes,76,0,5.0,2021-02-22,0
806,807,Germany,20.0,Male,61000.0,Yes,60,3,5.0,2020-02-09,0
807,808,Germany,37.0,Female,69331.88720173536,Yes,77,1,4.0,2020-04-13,0
808,809,France,63.0,Male,85000.0,No,4,0,2.0,2020-09-25,0
809,810,India,32.0,Male,74000.0,No,2,1,3.0,2023-03-20,0
810,811,Italy,42.0,Male,91000.0,No,90,4,5.0,2020-07-26,1
811,812,Spain,47.0,Female,67000.0,No,59,2,5.0,2018-08-24,1
812,813,France,31.0,Male,110000.0,Yes,27,8,5.0,2018-06-11,0
813,814,France,24.0,Female,41000.0,Yes,27,7,5.0,2019-07-08,0
814,815,Spain,34.0,unknown,69331.88720173536,No,79,3,1.0,2020-02-27,0
815,816,Italy,61.0,Male,46000.0,Yes,72,3,4.0,2021-10-08,0
816,817,France,37.0,Male,112000.0,Yes,7,3,3.0,2020-12-27,0
817,818,France,53.0,Male,86000.0,No,63,0,4.0,2021-04-11,0
818,819,India,26.0,Female,69331.88720173536,No,46,3,1.0,2023-02-10,0
819,820,Italy,55.0,Male,32000.0,No,63,3,3.0,2022-07-19,1
820,821,France,65.0,Male,64000.0,No,12,4,3.0,2022-09-02,0
821,822,Italy,44.0,Male,29000.0,No,13,1,2.0,2019-07-13,1
822,823,Spain,39.0,Female,119000.0,No,43,3,4.0,2018-09-18,1
823,824,Germany,44.0,Male,28000.0,Yes,17,4,4.0,2018-08-05,1
824,825,France,44.0,Female,73000.0,Yes,63,4,2.0,2023-01-15,0
825,826,India,44.0,Other,46000.0,No,81,2,5.0,2021-02-21,0
826,827,Spain,19.0,Male,53000.0,Yes,36,5,1.0,2020-03-15,0
827,828,Italy,41.0,Female,20000.0,No,85,2,4.0,2021-03-31,0
828,829,Spain,25.0,Male,51000.0,No,8,4,2.0,2018-07-20,0
829,830,France,28.0,Female,108000.0,No,69,3,3.0,2022-01-17,0
830,831,Italy,30.0,Female,112000.0,No,90,3,5.0,2019-02-06,0
831,832,Germany,34.0,Female,90000.0,Yes,80,2,2.0,2022-01-25,0
832,833,Spain,25.0,Male,86000.0,No,36,2,5.0,2018-10-02,1
833,834,France,38.0,Male,103000.0,Yes,28,1,5.0,2018-07-25,0
834,835,India,35.0,Male,39000.0,No,93,3,1.0,2020-11-29,0
835,836,Italy,47.0,Male,113000.0,No,47,5,5.0,2021-07-20,0
836,837,Spain,35.0,Male,54000.0,No,76,1,5.0,2022-09-20,0
837,838,Spain,63.0,Male,118000.0,Yes,30,2,5.0,2020-05-16,0
838,839,Germany,64.0,Male,69331.88720173536,No,23,3,3.0,2018-04-03,0
839,840,Germany,48.0,Male,110000.0,No,16,2,3.0,2020-12-01,0
840,841,India,55.0,Female,109000.0,No,14,3,3.0,2022-01-28,0
841,842,India,49.0,Female,97000.0,Yes,74,4,3.0,2019-01-14,0
842,843,France,28.0,Male,36000.0,Yes,71,1,2.0,2021-02-04,0
843,844,France,62.0,Male,37000.0,Yes,52,1,3.0,2021-09-13,0
844,845,India,42.0,Male,64000.0,No,37,3,3.0,2018-03-06,0
845,846,India,50.0,unknown,112000.0,Yes,29,3,2.0,2018-12-31,0
846,847,Italy,55.0,Male,103000.0,No,67,3,3.0,2020-03-31,1
847,848,Germany,58.0,Female,72000.0,Yes,15,2,5.0,2022-02-16,1
848,849,France,25.0,unknown,110000.0,Yes,100,1,5.0,2022-07-29,0
849,850,Germany,28.0,Female,101000.0,No,47,3,4.0,2023-04-09,0
850,851,Germany,39.0,Female,87000.0,Yes,46,5,5.0,2020-11-13,0
851,852,India,68.0,Female,84000.0,No,52,0,1.0,2019-06-24,0
852,853,Italy,41.0,unknown,20000.0,No,19,8,1.0,2020-12-21,0
853,854,Spain,58.0,Female,77000.0,Yes,77,4,1.0,2019-05-06,0
854,855,Italy,34.0,Female,45000.0,No,21,1,2.0,2021-07-20,0
855,856,Italy,29.0,Female,69331.88720173536,No,64,6,5.0,2018-08-17,0
856,857,Germany,44.0,Female,39000.0,Yes,37,0,1.0,2020-11-09,0
857,858,Italy,63.0,Female,106000.0,Yes,27,7,4.0,2018-01-03,0
858,859,France,49.0,Male,29000.0,No,55,1,2.0,2021-12-15,0
859,860,Germany,32.0,Male,78000.0,Yes,29,3,4.0,2022-10-20,0
860,861,France,33.0,Male,94000.0,No,20,1,5.0,2020-06-29,0
861,862,Spain,44.0,Male,60000.0,No,25,1,3.0,2018-11-03,0
862,863,Germany,39.0,Male,69331.88720173536,Yes,70,2,4.0,2019-03-08,0
863,864,Spain,45.0,Male,24000.0,Yes,63,8,3.0,2018-05-16,0
864,865,Germany,37.0,Female,84000.0,Yes,36,2,2.0,2023-04-17,0
865,866,India,50.0,Male,36000.0,Yes,2,6,4.0,2023-05-22,0
866,867,Italy,27.0,Female,41000.0,No,22,3,4.0,2019-05-30,0
867,868,India,57.0,Male,117000.0,No,96,3,5.0,2018-07-12,0
868,869,Spain,49.0,Male,69331.88720173536,Yes,16,5,2.0,2022-05-28,0
869,870,Italy,67.0,Female,60000.0,Yes,18,8,2.0,2021-12-09,0
870,871,Germany,50.0,Female,112000.0,No,69,3,1.0,2020-05-22,1
871,872,Italy,19.0,Male,87000.0,No,54,2,5.0,2021-02-15,1
872,873,France,50.0,Female,88000.0,No,100,2,4.0,2019-10-28,0
873,874,Italy,50.0,Female,30000.0,No,30,3,4.0,2018-07-28,1
874,875,France,58.0,Male,75000.0,Yes,45,6,2.0,2020-08-09,0
875,876,Italy,30.0,Male,70000.0,No,19,3,2.0,2020-11-23,0
876,877,France,47.0,unknown,40000.0,No,87,4,5.0,2019-10-11,0
877,878,Spain,50.0,Female,118000.0,Yes,34,4,2.0,2021-09-03,1
878,879,India,30.0,Female,95000.0,No,13,3,3.0,2018-04-30,0
879,880,Germany,69.0,Female,45000.0,No,43,4,3.0,2019-09-19,1
880,881,Italy,43.0,Male,38000.0,Yes,62,5,5.0,2019-06-09,0
881,882,India,39.0,Male,69331.88720173536,Yes,93,6,3.0,2022-05-24,0
882,883,Germany,56.0,Male,79000.0,Yes,100,3,3.0,2023-05-15,0
883,884,Germany,19.0,Female,90000.0,No,22,4,5.0,2023-02-12,0
884,885,France,55.0,Female,66000.0,No,52,6,4.0,2020-02-08,0
885,886,Spain,56.0,Female,90000.0,Yes,52,2,3.0,2021-01-17,0
886,887,Spain,43.0,Male,45000.0,Yes,36,8,5.0,2019-05-27,0
887,888,India,63.0,Male,59000.0,No,73,3,2.0,2018-02-16,0
888,889,Spain,67.0,Female,24000.0,Yes,19,1,3.0,2020-02-11,0
889,890,Italy,32.0,Female,40000.0,Yes,38,4,5.0,2020-01-10,1
890,891,Spain,51.0,Female,97000.0,Yes,70,4,5.0,2023-06-06,0
891,892,India,59.0,Male,23000.0,No,79,1,2.0,2022-09-12,0
892,893,Spain,44.0,Female,42000.0,No,57,1,5.0,2019-06-06,0
893,894,Italy,61.0,Male,69331.88720173536,No,20,5,3.0,2021-07-31,0
894,895,France,66.0,unknown,103000.0,No,9,4,4.0,2021-11-01,1
895,896,India,57.0,Male,34000.0,No,32,3,2.0,2022-07-20,1
896,897,France,28.0,Female,69331.88720173536,No,4,2,2.0,2018-05-14,0
897,898,France,20.0,Male,112000.0,Yes,50,1,4.0,2022-08-18,0
898,899,France,23.0,Other,27000.0,No,82,5,2.0,2018-09-05,1
899,900,Germany,26.0,Female,60000.0,No,5,5,3.0,2022-08-03,1
900,901,Germany,23.0,Male,38000.0,Yes,20,2,2.0,2021-09-03,1
901,902,France,26.0,Male,69331.88720173536,No,87,4,3.0,2019-03-12,1
902,903,India,56.0,Male,65000.0,No,75,6,4.0,2021-04-14,0
903,904,Italy,48.0,Male,47000.0,Yes,37,2,1.0,2023-02-02,0
904,905,Italy,49.0,Other,69331.88720173536,Yes,22,4,4.0,2019-11-17,0
905,906,Spain,58.0,Male,110000.0,Yes,58,3,3.0,2019-08-09,0
906,907,India,67.0,Female,87000.0,No,68,4,5.0,2018-12-17,0
907,908,Germany,29.0,Female,34000.0,Yes,93,5,4.0,2018-05-23,0
908,909,France,25.0,Female,118000.0,No,44,0,5.0,2020-08-24,0
909,910,Spain,25.0,Male,56000.0,No,34,4,5.0,2020-03-14,0
910,911,Italy,67.0,Male,20000.0,No,77,1,3.0,2021-11-22,0
911,912,Germany,45.0,Female,86000.0,No,42,1,3.0,2022-07-06,0
912,913,Germany,37.0,unknown,43000.0,Yes,9,3,1.0,2019-12-19,0
913,914,France,64.0,Male,46000.0,Yes,95,2,5.0,2019-10-05,1
914,915,Italy,24.0,Male,59000.0,No,7,1,2.0,2021-10-24,1
915,916,India,28.0,Female,82000.0,Yes,68,2,4.0,2019-05-16,0
916,917,Germany,37.0,unknown,80000.0,No,19,2,3.0,2022-07-04,0
917,918,France,33.0,Male,55000.0,No,94,4,4.0,2019-01-05,0
918,919,India,21.0,Male,117000.0,No,31,5,5.0,2022-05-22,0
919,920,Italy,23.0,Female,112000.0,Yes,35,3,5.0,2021-11-06,0
920,921,Germany,39.0,Male,43000.0,No,57,3,5.0,2021-01-14,0
921,922,India,43.0,Male,43000.0,No,85,1,2.0,2020-02-26,1
922,923,India,20.0,Female,69331.88720173536,Yes,61,0,1.0,2020-01-09,0
923,924,India,58.0,Other,23000.0,Yes,31,3,4.0,2022-01-23,0
924,925,Germany,59.0,Male,86000.0,Yes,83,7,2.0,2020-08-07,0
925,926,Germany,31.0,Female,53000.0,Yes,95,1,1.0,2021-09-10,0
926,927,Spain,28.0,Female,76000.0,No,53,8,4.0,2019-06-06,0
927,928,Italy,35.0,Female,68000.0,Yes,32,4,2.0,2019-05-04,1
928,929,France,44.0,Female,106000.0,No,66,5,3.0,2023-05-07,0
929,930,India,29.0,Female,72000.0,Yes,59,3,4.0,2019-02-01,0
930,931,Spain,40.0,Male,42000.0,Yes,10,4,2.0,2020-06-14,0
931,932,France,29.0,Female,69331.88720173536,Yes,2,4,5.0,2018-12-21,0
932,933,Spain,30.0,Female,88000.0,Yes,66,3,1.0,2020-08-04,0
933,934,Germany,42.0,Female,114000.0,Yes,60,4,2.0,2018-10-15,0
934,935,India,62.0,Female,72000.0,Yes,88,4,3.0,2022-01-22,0
935,936,France,68.0,Male,81000.0,No,17,4,4.0,2022-07-06,0
936,937,France,36.0,Female,60000.0,Yes,96,3,4.0,2020-09-24,1
937,938,France,44.0,Female,76000.0,Yes,16,7,4.0,2019-06-20,0
938,939,France,63.0,Male,79000.0,Yes,16,3,3.0,2021-08-07,0
939,940,France,53.0,Female,73000.0,Yes,46,1,1.0,2020-04-30,0
940,941,Spain,62.0,Male,89000.0,No,39,5,4.0,2020-04-17,0
941,942,India,25.0,Male,69331.88720173536,Yes,31,3,1.0,2018-06-17,0
942,943,Germany,46.0,Male,76000.0,Yes,88,4,2.0,2020-08-07,0
943,944,Germany,44.0,Male,29000.0,Yes,1,3,5.0,2019-09-13,0
944,945,Germany,44.0,Male,59000.0,Yes,11,3,5.0,2019-03-04,0
945,946,Germany,44.0,Female,26000.0,No,85,4,1.0,2022-09-22,0
946,947,Spain,49.0,Male,69331.88720173536,Yes,4,0,1.0,2019-05-05,0
947,948,Italy,68.0,Female,57000.0,No,71,3,5.0,2018-12-21,0
948,949,India,61.0,Female,104000.0,Yes,26,5,4.0,2018-07-15,0
949,950,France,35.0,Female,80000.0,No,50,3,5.0,2019-06-29,1
950,951,Italy,23.0,Female,103000.0,No,12,2,5.0,2019-12-18,0
951,952,Germany,35.0,Male,22000.0,Yes,95,2,3.0,2020-04-03,0
952,953,Italy,36.0,Female,70000.0,Yes,81,4,5.0,2020-07-20,0
953,954,India,39.0,Male,105000.0,No,97,5,5.0,2022-09-14,0
954,955,France,54.0,Female,66000.0,No,75,6,3.0,2020-09-29,0
955,956,France,49.0,Other,87000.0,Yes,92,4,5.0,2019-10-21,1
956,957,India,44.0,Male,111000.0,No,96,3,2.0,2020-07-27,0
957,958,India,58.0,Male,95000.0,No,65,7,4.0,2020-02-19,1
958,959,Germany,20.0,Female,57000.0,No,47,2,4.0,2018-01-11,0
959,960,France,45.0,Female,55000.0,Yes,92,2,2.0,2022-05-25,0
960,961,Italy,27.0,Female,60000.0,No,53,3,2.0,2021-07-03,0
961,962,Spain,68.0,Male,88000.0,No,71,2,5.0,2019-01-31,0
962,963,Spain,52.0,Female,32000.0,No,2,3,3.0,2020-01-01,0
963,964,India,46.0,Male,106000.0,Yes,24,2,2.0,2023-01-07,1
964,965,Germany,44.0,Female,77000.0,Yes,4,2,3.0,2019-02-13,0
965,966,Spain,32.0,unknown,69000.0,No,19,3,1.0,2018-12-28,1
966,967,France,50.0,Female,49000.0,Yes,26,6,4.0,2021-07-06,1
967,968,India,24.0,Female,81000.0,No,75,2,5.0,2020-10-23,1
968,969,Italy,29.0,Male,69331.88720173536,Yes,40,7,4.0,2018-03-25,0
969,970,India,66.0,Female,44000.0,Yes,50,3,5.0,2018-06-05,0
970,971,Italy,47.0,Female,46000.0,No,43,4,1.0,2022-08-14,0
971,972,India,38.0,Male,70000.0,Yes,75,1,4.0,2021-04-14,0
972,973,India,48.0,Female,97000.0,Yes,67,0,1.0,2019-12-08,0
973,974,India,41.0,Male,76000.0,Yes,12,3,5.0,2023-05-16,0
974,975,Italy,37.0,Female,66000.0,No,67,4,2.0,2019-04-17,0
975,976,Italy,54.0,Female,119000.0,Yes,27,2,4.0,2019-09-11,1
976,977,India,21.0,Female,58000.0,Yes,54,3,1.0,2021-12-18,1
977,978,Spain,45.0,Male,35000.0,No,66,6,5.0,2018-05-14,0
978,979,Germany,61.0,Female,41000.0,Yes,49,3,4.0,2020-02-27,0
979,980,Germany,37.0,Female,104000.0,Yes,16,2,4.0,2020-06-25,0
980,981,Germany,41.0,Other,73000.0,Yes,2,1,4.0,2020-05-13,0
981,982,Italy,67.0,Male,40000.0,Yes,60,3,3.0,2021-11-04,0
982,983,Italy,66.0,Male,91000.0,Yes,54,4,1.0,2019-10-29,0
983,984,Spain,68.0,Female,35000.0,No,30,3,1.0,2018-10-04,0
984,985,Germany,49.0,Male,78000.0,No,84,2,4.0,2021-06-13,0
985,986,Germany,58.0,Female,50000.0,Yes,38,3,2.0,2022-11-11,0
986,987,India,53.0,Female,61000.0,Yes,28,0,4.0,2020-05-31,0
987,988,Italy,44.0,Female,93000.0,Yes,25,2,3.0,2018-01-13,1
988,989,Germany,51.0,Female,51000.0,No,96,6,5.0,2018-12-08,0
989,990,Spain,53.0,Female,78000.0,No,10,2,3.0,2018-02-04,0
990,991,Spain,19.0,Male,53000.0,Yes,60,3,2.0,2019-07-13,0
991,992,Germany,32.0,Male,28000.0,Yes,42,5,4.0,2021-05-22,0
992,993,Italy,51.0,Male,100000.0,No,40,3,1.0,2021-12-06,0
993,994,Spain,53.0,Male,30000.0,Yes,97,3,5.0,2019-02-09,0
994,995,India,23.0,Female,115000.0,No,77,2,4.0,2022-02-26,0
995,996,Spain,56.0,Female,29000.0,No,42,3,2.0,2019-10-20,0
996,997,France,59.0,Female,105000.0,Yes,47,0,1.0,2018-06-08,0
997,998,France,68.0,Female,36000.0,No,37,2,3.0,2020-08-13,0
998,999,Italy,68.0,unknown,87000.0,Yes,80,1,5.0,2022-07-19,0
999,1000,Germany,44.0,Female,67000.0,Yes,22,1,5.0,2021-02-07,0
